,precision,recall,f1-score,support,f0.5-score
False,0.0,0.0,0.0,836.0,0.0
True,0.20532319391634982,1.0,0.34069400630914826,216.0,
accuracy,0.20532319391634982,0.20532319391634982,0.20532319391634982,0.20532319391634982,0.20532319391634982
macro avg,0.10266159695817491,0.5,0.17034700315457413,1052.0,
weighted avg,0.04215761396001099,0.20532319391634982,0.06995238152355135,1052.0,0.05012410701393712
