,precision,recall,f1-score,support,f0.5-score
False,0.8023426061493412,0.6555023923444976,0.7215273206056615,836.0,0.7679372197309418
True,0.21951219512195122,0.375,0.27692307692307694,216.0,
accuracy,0.5979087452471483,0.5979087452471483,0.5979087452471483,0.5979087452471483,0.5979087452471483
macro avg,0.5109274006356462,0.5152511961722488,0.4992251987643692,1052.0,
weighted avg,0.6826740046456186,0.5979087452471483,0.6302397572639901,1052.0,0.659408406230648
