,precision,recall,f1-score,support,f0.5-score
False,0.8174603174603174,0.8624401913875598,0.8393480791618161,836.0,0.826076993583868
True,0.3235294117647059,0.25462962962962965,0.2849740932642487,216.0,
accuracy,0.7376425855513308,0.7376425855513308,0.7376425855513308,0.7376425855513308,0.7376425855513308
macro avg,0.5704948646125116,0.5585349105085947,0.5621610862130324,1052.0,
weighted avg,0.7160448463288991,0.7376425855513308,0.7255222417531901,1052.0,0.7194819481875062
