,precision,recall,f1-score,support
False,0.8353741496598639,0.7344497607655502,0.7816677275620624,836.0
True,0.2996845425867508,0.4398148148148148,0.3564727954971858,216.0
accuracy,0.6739543726235742,0.6739543726235742,0.6739543726235742,0.6739543726235742
macro avg,0.5675293461233073,0.5871322877901826,0.5690702615296241,1052.0
weighted avg,0.7253846485878179,0.6739543726235742,0.6943653460734565,1052.0
