,precision,recall,f1-score,support
False,0.8355501813784765,0.8265550239234449,0.8310282621767889,836.0
True,0.35555555555555557,0.37037037037037035,0.36281179138322,216.0
accuracy,0.7328897338403042,0.7328897338403042,0.7328897338403042,0.7328897338403042
macro avg,0.595552868467016,0.5984626971469076,0.5969200267800044,1052.0
weighted avg,0.7369961517418311,0.7328897338403042,0.7348925609492121,1052.0
