,precision,recall,f1-score,support,f0.5-score
False,0.8161530286928799,0.9186602870813397,0.8643781654473832,836.0,0.8347826086956521
True,0.38738738738738737,0.19907407407407407,0.26299694189602446,216.0,
accuracy,0.7709125475285171,0.7709125475285171,0.7709125475285171,0.7709125475285171,0.7709125475285171
macro avg,0.6017702080401336,0.5588671805777069,0.5636875536717039,1052.0,
weighted avg,0.728117497778444,0.7709125475285171,0.7409006518664958,1052.0,0.7302679631494312
