,precision,recall,f1-score,support,f2-score
False,0.8244186046511628,0.8480861244019139,0.8360849056603774,836.0,0.8432445290199808
True,0.3385416666666667,0.30092592592592593,0.3186274509803922,216.0,
accuracy,0.7357414448669202,0.7357414448669202,0.7357414448669202,0.7357414448669202,0.7357414448669202
macro avg,0.5814801356589148,0.5745060251639199,0.5773561783203848,1052.0,
weighted avg,0.7246567998938899,0.7357414448669202,0.729838888349658,1052.0,0.7332981929543505
