,precision,recall,f1-score,support
False,0.8215102974828375,0.8588516746411483,0.8397660818713452,836.0
True,0.33707865168539325,0.2777777777777778,0.3045685279187817,216.0
accuracy,0.7395437262357415,0.7395437262357415,0.7395437262357415,0.7395437262357415
macro avg,0.5792944745841154,0.568314726209463,0.5721673048950634,1052.0
weighted avg,0.7220452447335524,0.7395437262357415,0.7298776107175869,1052.0
