,precision,recall,f1-score,support,f2-score
False,0.7946768060836502,1.0,0.885593220338983,836.0,0.9508644222020018
True,0.0,0.0,0.0,216.0,
accuracy,0.7946768060836502,0.7946768060836502,0.7946768060836502,0.7946768060836502,0.7946768060836502
macro avg,0.3973384030418251,0.5,0.4427966101694915,1052.0,
weighted avg,0.6315112261273114,0.7946768060836502,0.7037603918283173,1052.0,0.7556299020540622
