,precision,recall,f1-score,support,f0.5-score
False,0.9050772626931567,0.4904306220095694,0.6361520558572538,836.0,0.7741691842900301
True,0.2888146911519199,0.8009259259259259,0.4245398773006135,216.0,
accuracy,0.5541825095057035,0.5541825095057035,0.5541825095057035,0.5541825095057035,0.5541825095057035
macro avg,0.5969459769225383,0.6456782739677477,0.5303459665789336,1052.0,
weighted avg,0.7785442632132069,0.5541825095057035,0.5927031674844074,1052.0,0.683209916002483
