,precision,recall,f1-score,support,f0.5-score
False,0.8393854748603352,0.7188995215311005,0.7744845360824743,836.0,0.8121621621621622
True,0.3005952380952381,0.4675925925925926,0.36594202898550726,216.0,
accuracy,0.6673003802281369,0.6673003802281369,0.6673003802281369,0.6673003802281369,0.6673003802281369
macro avg,0.5699903564777866,0.5932460570618465,0.5702132825339907,1052.0,
weighted avg,0.7287593425967791,0.6673003802281369,0.690601283674732,1052.0,0.7118732362078369
