,precision,recall,f1-score,support,f0.5-score
False,0.7653061224489796,0.3588516746411483,0.4885993485342019,836.0,0.6239600665557403
True,0.18787878787878787,0.5740740740740741,0.2831050228310502,216.0,
accuracy,0.40304182509505704,0.40304182509505704,0.40304182509505704,0.40304182509505704,0.40304182509505704
macro avg,0.4765924551638837,0.4664628743576112,0.385852185682626,1052.0,
weighted avg,0.646746897860423,0.40304182509505704,0.4464065972491441,1052.0,0.5404195550790113
