,precision,recall,f1-score,support,f2-score
False,0.8202368137782562,0.9114832535885168,0.8634560906515582,836.0,0.8916452141352681
True,0.3983739837398374,0.22685185185185186,0.28908554572271383,216.0,
accuracy,0.7709125475285171,0.7709125475285171,0.7709125475285171,0.7709125475285171,0.7709125475285171
macro avg,0.6093053987590468,0.5691675527201843,0.576270818187136,1052.0,
weighted avg,0.7336185901201777,0.7709125475285171,0.7455244958752935,1052.0,0.759536521191711
