,precision,recall,f1-score,support,f0.5-score
False,0.6511627906976745,0.49667405764966743,0.5635220125786163,451.0,0.6130268199233717
True,0.27936507936507937,0.4230769230769231,0.3365200764818356,208.0,
accuracy,0.47344461305007585,0.47344461305007585,0.47344461305007585,0.47344461305007585,0.47344461305007585
macro avg,0.4652639350313769,0.4598754903632952,0.45002104453022596,659.0,
weighted avg,0.533812374981165,0.47344461305007585,0.4918734500473107,659.0,0.5141402428469224
