,precision,recall,f1-score,support,f2-score
False,0.6832504145936982,0.9135254988913526,0.7817836812144213,451.0,0.8558371416701289
True,0.30357142857142855,0.08173076923076923,0.12878787878787878,208.0,
accuracy,0.6509863429438544,0.6509863429438544,0.6509863429438544,0.6509863429438544,0.6509863429438544
macro avg,0.4934109215825634,0.49762813406106093,0.45528578000115005,659.0,
weighted avg,0.5634124341799924,0.6509863429438544,0.5756787845456492,659.0,0.6159217918105282
