,precision,recall,f1-score,support
False,0.734375,0.8337028824833703,0.7808930425752856,451.0
True,0.4897959183673469,0.34615384615384615,0.4056338028169014,208.0
accuracy,0.6798179059180577,0.6798179059180577,0.6798179059180577,0.6798179059180577
macro avg,0.6120854591836735,0.5899283643186082,0.5932634226960936,659.0
weighted avg,0.6571785675575238,0.6798179059180577,0.662450065534703,659.0
