,precision,recall,f1-score,support,f0.5-score
False,0.672289156626506,0.6186252771618626,0.6443418013856813,451.0,0.6608242539081005
True,0.29508196721311475,0.34615384615384615,0.3185840707964602,208.0,
accuracy,0.5326251896813353,0.5326251896813353,0.5326251896813353,0.5326251896813353,0.5326251896813353
macro avg,0.4836855619198104,0.48238956165785435,0.4814629360910707,659.0,
weighted avg,0.5532313487388195,0.5326251896813353,0.5415229729144249,659.0,0.5482169677629689
