,precision,recall,f1-score,support,f0.5-score
False,0.6985559566787004,0.8580931263858093,0.7701492537313434,451.0,0.7255343082114736
True,0.3904761904761905,0.1971153846153846,0.26198083067092653,208.0,
accuracy,0.6494688922610015,0.6494688922610015,0.6494688922610015,0.6494688922610015,0.6494688922610015
macro avg,0.5445160735774455,0.527604255500597,0.5160650422011349,659.0,
weighted avg,0.601316819546497,0.6494688922610015,0.6097561854512725,659.0,0.59956610345273
