,precision,recall,f1-score,support,f0.5-score
False,0.6883942766295708,0.9600886917960089,0.8018518518518518,451.0,0.7296932928884394
True,0.4,0.057692307692307696,0.10084033613445378,208.0,
accuracy,0.6752655538694993,0.6752655538694993,0.6752655538694993,0.6752655538694993,0.6752655538694993
macro avg,0.5441971383147854,0.5088904997441582,0.4513460939931528,659.0,
weighted avg,0.5973684654930749,0.6752655538694993,0.580591767983538,659.0,0.5571175350235069
