,precision,recall,f1-score,support,f0.5-score
False,0.7638888888888888,0.4878048780487805,0.5953991880920162,451.0,0.6862133499688085
True,0.37735849056603776,0.6730769230769231,0.48359240069084625,208.0,
accuracy,0.5462822458270106,0.5462822458270106,0.5462822458270106,0.5462822458270106,0.5462822458270106
macro avg,0.5706236897274632,0.5804409005628518,0.5394957943914312,659.0,
weighted avg,0.6418883989781862,0.5462822458270106,0.5601096406270035,659.0,0.6002036878485545
