,precision,recall,f1-score,support
False,0.7385321100917431,0.7139689578713969,0.726042841037204,451.0
True,0.42152466367713004,0.4519230769230769,0.4361948955916473,208.0
accuracy,0.6312594840667678,0.6312594840667678,0.6312594840667678,0.6312594840667678
macro avg,0.5800283868844366,0.582946017397237,0.5811188683144256,659.0
weighted avg,0.638475131557237,0.6312594840667678,0.6345582087873166,659.0
