,precision,recall,f1-score,support,f0.5-score
False,0.7506053268765133,0.6873614190687362,0.7175925925925927,451.0,0.7370423204945317
True,0.4268292682926829,0.5048076923076923,0.4625550660792952,208.0,
accuracy,0.629742033383915,0.629742033383915,0.629742033383915,0.629742033383915,0.629742033383915
macro avg,0.5887172975845981,0.5960845556882142,0.590073829335944,659.0,
weighted avg,0.6484119730291131,0.629742033383915,0.6370951638903682,659.0,0.6434246203309064
