,precision,recall,f1-score,support
False,0.6831683168316832,0.917960088691796,0.7833491012298959,451.0
True,0.3018867924528302,0.07692307692307693,0.12260536398467434,208.0
accuracy,0.6525037936267072,0.6525037936267072,0.6525037936267072,0.6525037936267072
macro avg,0.4925275546422567,0.49744158280743644,0.4529772326072851,659.0
weighted avg,0.5628245276498904,0.6525037936267072,0.5747987258930125,659.0
