,precision,recall,f1-score,support,f2-score
False,0.6843702579666161,1.0,0.8126126126126126,451.0,0.9155501421031262
True,0.0,0.0,0.0,208.0,
accuracy,0.6843702579666161,0.6843702579666161,0.6843702579666161,0.6843702579666161,0.6843702579666161
macro avg,0.34218512898330805,0.5,0.4063063063063063,659.0,
weighted avg,0.4683626499892926,0.6843702579666161,0.5561279033206196,659.0,0.6265752869324885
