,precision,recall,f1-score,support,f0.5-score
False,0.0,0.0,0.0,451.0,0.0
True,0.3156297420333839,1.0,0.47981545559400224,208.0,
accuracy,0.3156297420333839,0.3156297420333839,0.3156297420333839,0.3156297420333839,0.3156297420333839
macro avg,0.15781487101669195,0.5,0.23990772779700112,659.0,
weighted avg,0.09962213405606048,0.3156297420333839,0.1514440284727655,659.0,0.1154201588307733
