,precision,recall,f1-score,support,f0.5-score
False,0.7003311258278145,0.9379157427937915,0.8018957345971564,451.0,0.7377049180327868
True,0.4909090909090909,0.12980769230769232,0.20532319391634982,208.0,
accuracy,0.6828528072837633,0.6828528072837633,0.6828528072837633,0.6828528072837633,0.6828528072837633
macro avg,0.5956201083684527,0.533861717550742,0.5036094642567531,659.0,
weighted avg,0.6342313029703115,0.6828528072837633,0.613599697477873,659.0,0.60441941527815
